date and time,Trajectory,Waypoint,x_end_avg,y_end_avg,z_end_avg,qx_end_avg,qy_end_avg,qz_end_avg,qw_end_avg,l0,l1,l2,l3,l4,l5,l6,l7,l8
13-Nov-2024 10:49:14,1,1,0.00375503501854837,0.323458085457484,0.0431056953966618,-0.0104071396713456,-0.0339869047204653,0.0013352680252865,0.999367233117421,60.575,76.9857142857143,80.2214285714286,35.8,76.1857142857143,68.4964285714286,43.425,67.4857142857143,69.2214285714286
13-Nov-2024 10:49:21,1,2,0.00409455435971419,0.326174533367157,0.0509933891395728,-0.0497703043123086,-0.0342966308196386,0.00353067737693588,0.998165456453959,52.6467263880155,79.339084742571,81.6334508455426,37.8229599228414,76.8434284010237,69.0606201423693,37.6790164974461,65.5698383883116,68.498829791062
13-Nov-2024 10:49:28,1,3,0.00597274014726281,0.331003824869792,0.0563225825627645,-0.0816358650724093,-0.0361698766549428,0.0108859427273273,0.995946232477824,44.9059527760309,67.8174551994279,77.5704731196567,37.6709198456829,74.1261425163331,65.0123117133101,31.8205329948922,61.853962490909,65.0762310106956
13-Nov-2024 10:49:35,1,4,0.00712671615183353,0.335340853532155,0.0643372232715289,-0.125164310137431,-0.036333575596412,0.0197227927545706,0.991274348894755,36.9776791640464,70.1708256562846,78.9824953937707,39.6938797685243,74.7838566316425,65.5765032842508,26.0745494923383,59.9380865935064,64.3536322303291
13-Nov-2024 10:49:42,1,5,0.00644389555479089,0.340776910384496,0.0736398329337438,-0.161582705378532,-0.0372308808068434,0.0249930962920189,0.98583988348643,28.9181555520618,61.1616961131415,73.1570176678849,40.9293396913657,70.9040707469519,61.6594448551917,20.6473159897844,56.2972106961037,62.1310334499626
13-Nov-2024 10:49:49,1,6,0.0079804399361213,0.345900092522303,0.0799734219908714,-0.201941845814387,-0.037762542317311,0.033546177794536,0.978094176451365,20.9898819400773,63.5150665699983,74.5690399419989,42.9522996142071,71.5617848622613,62.2236364261325,14.9013324872305,54.3813347987011,61.408434669596
13-Nov-2024 10:49:56,1,7,0.0046607702349623,0.351566489537557,0.0852072487274806,-0.224158751964569,-0.0354245180884997,0.0352281471093496,0.973271254698435,13.5959833280927,52.8371870268546,68.3873122161131,44.2815095370486,70.4757489775708,58.3722029970733,9.2397239846766,50.9279589012984,59.9358358892295
13-Nov-2024 10:50:02,1,8,0.00726181495313843,0.356706859668096,0.0903713529308637,-0.261573628584544,-0.0363173820078373,0.044190468887488,0.963487160205841,5.6677097161082,55.1905574837113,69.7993344902271,46.30446945989,71.1334630928802,58.936394568014,3.4937404821227,49.0120830038958,59.213237108863
13-Nov-2024 10:50:09,1,9,0.0194764462610086,0.356881090005239,0.0859180127580961,-0.236041480302811,-0.0438400842249393,0.058662008245786,0.9689794977506,10.6429871876368,53.0456738007695,67.9130271748575,44.80707608847,67.8591893714433,57.6525797333968,1.2806376885013,44.1251199687294,54.854327617381
13-Nov-2024 10:50:16,1,10,0.0320409469306469,0.356984909375509,0.0842480565110842,-0.199362415075302,-0.0469731323421001,0.0807351460059484,0.975464006265005,16.8510771591654,50.1414151178279,66.2985948594879,43.8065577170501,67.9317906500064,57.5265773987795,-1.2746526051201,38.131906933563,51.695418125899
13-Nov-2024 10:50:23,1,11,0.0498649378617605,0.356454529364904,0.0765819152196248,-0.173747783899307,-0.0535038145879904,0.107130538920561,0.97748251358668,22.292760880694,57.5168439348865,70.1732250441183,46.3826018456301,67.4559544285695,64.3216688141622,-3.5838491487416,33.5168188983966,49.961508634417
13-Nov-2024 10:50:30,1,12,0.0637820720672607,0.357271532217662,0.0746691231926282,-0.14355917374293,-0.0531980117162069,0.135273260871569,0.978908495108287,28.5008508522227,54.6125852519449,68.5587927287486,45.3820834742101,67.5285557071326,64.1956664795449,-6.139139442363,27.5236058632302,46.802599142935
13-Nov-2024 10:50:37,1,13,0.0781195551156998,0.358965025345484,0.0666301776965459,-0.118467166026433,-0.0572467627624671,0.154403095444043,0.979207881291707,33.7257376987513,61.4231703190034,70.813891663379,38.1448463527902,76.8519382356955,58.4552110199277,-8.6463828609845,22.7444553280638,42.631189651453
13-Nov-2024 10:50:43,1,14,0.0927446280916532,0.361220290263494,0.0641275684038798,-0.0845337390899658,-0.0537558635075887,0.178770927588145,0.978777480125427,39.9338276702799,58.5189116360618,69.1994593480094,37.1443279813702,76.9245395142586,58.3292086853104,-11.2016731546059,16.7512422928974,39.472280159971
13-Nov-2024 10:50:50,1,15,0.105140150090059,0.363270984093348,0.0596959335108598,-0.0527069648106893,-0.0487827653686206,0.197465539971987,0.977675624688466,46.1003160793085,62.2720748281203,70.4197926576397,32.1254502349503,81.6225314178216,58.4709797881932,-13.0579400107273,12.340060507731,35.282120668489
13-Nov-2024 10:50:57,1,16,0.10712666362524,0.364704022804896,0.0618222589294116,-0.0606836448113124,-0.0510293607910474,0.181197588642438,0.980245367685954,40.9804991974209,60.0151480307871,69.3488540524392,24.2664393910441,82.1977793524821,58.8161285489894,-9.8305690048313,9.50822479752748,33.9237276068533
13-Nov-2024 10:51:04,1,17,0.103186919291814,0.365364638964335,0.0615137569606304,-0.064756940305233,-0.0533526899913947,0.158950471878052,0.983714818954468,37.6398815342832,61.6119321709539,68.4952982597386,22.0482488596378,63.5607225996426,55.3951640285357,-7.6036862801852,7.01740471232398,32.4247095452176
13-Nov-2024 10:51:11,1,18,0.0978614469369253,0.367127331097921,0.058990949143966,-0.0469408735632896,-0.0490767560899258,0.114869056642056,0.991056621074677,32.5200646523955,59.3550053736207,67.424359654538,14.1892380157315,64.1359705343031,55.740312789332,-4.3763152742892,4.18556900212047,31.0663164835819
13-Nov-2024 10:51:18,1,19,0.0896971940994263,0.368147494395574,0.0559712121884028,-0.0432720298568408,-0.0497616666058699,0.0755732854207357,0.99495731194814,27.5398473798828,59.3999340450375,66.3121124555875,9.3006373280752,56.9800661252136,52.3274049095033,-1.3491884090181,1.67424110441698,29.8626109219462
13-Nov-2024 10:51:25,1,20,0.0901724229256312,0.370542752742767,0.0534973450005054,-0.0593356810510159,-0.0566313862800598,0.0678783550858498,0.99431623617808,23.3561162025372,61.3106898376772,67.0526199004583,8.7033136442083,51.2464279139744,49.2457153524347,-5.0569825370073,-1.40727382034402,28.1069830081167
13-Nov-2024 10:51:32,1,21,0.0927136595050494,0.374215165774028,0.0632612735033035,-0.0731744110584259,-0.0595185746749242,0.0699931139747302,0.993078056971232,19.6921848298791,54.7723733646921,64.4724730484542,7.7161950384664,54.2472135308601,48.8599974750535,-8.1148987353091,-4.25353483885492,25.3036988442873
13-Nov-2024 10:51:38,1,22,0.0947793006896973,0.377254446347555,0.0608889319002628,-0.0858391230305036,-0.0659293199578921,0.0728718340396881,0.991450786590576,15.5084536525335,56.6831291573318,65.2129804933251,7.1188713545995,48.5135753196208,45.7783079179849,-11.8226928632983,-7.33504976361583,23.5480709304578
13-Nov-2024 10:51:45,1,23,0.0961081430315971,0.38056001663208,0.0657325978080432,-0.0961910719672839,-0.0689508393406868,0.0775479719042778,0.989939085642497,12.1846223775317,49.6443488171592,62.7181607897585,6.1016502097952,49.772149022444,44.19460420076,-15.7305480264438,-10.6739377352517,21.8686148916283
13-Nov-2024 10:51:52,1,24,0.097919296224912,0.384035241603851,0.0620533714691798,-0.110763997832934,-0.0772957374652227,0.0836844424406687,0.987296140193939,8.0008912001861,51.5551046097989,63.4586682346294,5.5043265259283,44.0385108112048,41.1129146436914,-19.438342154433,-13.7554526600126,20.1129869777989
13-Nov-2024 10:51:59,1,25,0.10038011521101,0.387438958883286,0.0653982028365135,-0.104875374337037,-0.0744314521551132,0.103612660368284,0.98626850048701,7.4578755079235,47.6457624424774,60.4790747475467,2.8377327446556,47.9738550704224,42.0493838523001,-25.3492148565949,-15.0712758637416,19.8253617127468
13-Nov-2024 10:52:06,1,26,0.0968318303426107,0.390164808432261,0.0650451232989629,-0.086623015999794,-0.0646665453910828,0.126077772180239,0.986113162835439,9.109909864489,42.1361883415621,57.5421448346828,-1.9439123061484,48.7130933726087,42.236860140987,-31.7600570411787,-14.7584125440331,19.7996505101948
13-Nov-2024 10:52:12,1,27,0.101795254647732,0.394307367006938,0.05760378241539,-0.0649294634660085,-0.0603123898307482,0.159733836849531,0.983174312114716,10.5644191966404,44.3267302074436,58.1088831347094,-5.8930317221868,42.5753846533108,39.4988328896348,-37.9959144845515,-16.0098924860434,20.0179822763927
13-Nov-2024 10:52:19,1,28,0.100554124017557,0.3967893242836,0.055971559882164,-0.0416847760478656,-0.0512858996788661,0.184089977542559,0.980685003598531,12.2164535532059,38.8171561065283,55.1719532218454,-10.6746767729908,43.3146229554971,39.6863091783217,-44.4067566691353,-15.6970291663348,19.9922710738407
13-Nov-2024 10:52:26,1,29,0.100955911477407,0.400519637266795,0.049131624152263,-0.0219364807009697,-0.0489193854232629,0.212050315737724,0.97578706741333,13.0947253975644,37.9076399890114,54.3618574154268,-14.665059006412,39.1903877469414,36.2360336969891,-52.455106483114,-17.1413374774857,20.6135813556636
13-Nov-2024 10:52:33,1,30,0.0975381135940552,0.403008709351222,0.0490180181960265,0.0014576230586196,-0.0386399877568086,0.234106394648552,0.9714417497317,14.7467597541299,32.398065888096,51.4249275025628,-19.4467040572159,39.9296260491277,36.423509985676,-58.865948667697,-16.8284741577772,20.5878701531116
13-Nov-2024 10:52:40,1,31,0.0956598510344823,0.407015379269918,0.0380828765531381,0.0304822293420633,-0.0380091016491254,0.263245322306951,0.963497845331828,16.5369128545919,30.9885207788799,50.0014146429215,-24.2827176993285,35.4621275959431,32.4671103893531,-65.720544666978,-17.3191966534984,21.635669692747
13-Nov-2024 10:52:46,1,32,0.0886860201756159,0.409875253836314,0.0328891925513744,0.066166640818119,-0.031255521128575,0.264486893018087,0.96160896619161,13.9030552367277,28.4231396548126,48.6095207309165,-33.0995471743174,34.3700940962297,31.8118902895251,-70.389485291059,-15.0806970753474,22.6457161318511
13-Nov-2024 10:52:54,1,33,0.0766285563508669,0.413298428058624,0.0227627749244372,0.0896977995832761,-0.0329598218202591,0.258117936054865,0.961375625928243,11.4882569908118,29.6327730265948,46.0993353455228,-42.0185609449606,20.8496922188305,27.9597322471921,-74.005302822487,-13.2439904049114,24.042517942049
13-Nov-2024 10:53:00,1,34,0.0677766477068265,0.416616980234782,0.0220672369003296,0.111537646750609,-0.0297586357841889,0.255195599794388,0.959973446528117,8.8543993729477,27.0673919025275,44.7074414335178,-50.8353904199495,19.7576587191172,27.3045121473641,-78.674243446567,-11.0054908267605,25.0525643811531
13-Nov-2024 10:53:07,1,35,0.0639880095918973,0.416756449143092,0.031726332505544,0.0868406017621358,-0.0269733138382435,0.255865732828776,0.962426054477692,4.7310861987979,32.5158717167237,42.9495994231432,-46.7685293416888,18.9266489621141,26.3559478352155,-80.085272274358,-13.4918009768282,22.9240526617788
13-Nov-2024 10:53:14,1,36,0.0708963831265767,0.417829422156016,0.0420105996231238,0.0360601454973221,-0.0282756143560012,0.261985570192337,0.963983293374379,-1.22675666132599,34.7268442829951,44.0009031494629,-40.850576115601,18.3848233939539,26.0308524943194,-81.872862648475,-16.2272146730384,21.5021632568577
13-Nov-2024 10:53:21,1,37,0.0745505044857661,0.41875541806221,0.0550507716834545,-0.016626808916529,-0.0305228464305401,0.267748157183329,0.962861780325572,-7.3173346784629,20.7815704732291,41.9226340074355,-33.9081689634267,23.6984057313725,26.5190226677971,-83.847172249428,-17.9380765961774,20.17696269471
13-Nov-2024 10:53:28,1,38,0.0777370274066925,0.420197093486786,0.062075025588274,-0.0607616677880287,-0.0361830299099286,0.272108735640844,0.959664348761241,-13.2751775385868,22.9925430395005,42.9739377337552,-27.9902157373389,23.1565801632124,26.193927326901,-85.634762623545,-20.6734902923877,18.7550732897888
13-Nov-2024 10:53:35,1,39,0.0809866701563199,0.423522102832794,0.0698683152596156,-0.100848744809628,-0.0408382877707481,0.276485292116801,0.954839090506236,-18.7743879772172,18.4003924177533,42.2354550259014,-23.3600355482078,24.9424585478417,26.5754647431918,-87.36571261108,-27.6966281020623,23.6815283062543
13-Nov-2024 10:53:42,1,40,0.0857899203896522,0.426063438256582,0.0777559419473012,-0.152973655859629,-0.0513493689397971,0.282532848914464,0.945588445663452,-24.7322308373411,20.6113649840247,43.2867587522211,-17.44208232212,24.4006329796816,26.2503694022958,-89.153302985196,-30.4320417982727,22.2596389013332
13-Nov-2024 10:53:49,1,41,0.0920288478334745,0.430540583531062,0.0907788336277008,-0.198954431215922,-0.0581975668668747,0.286859538157781,0.935276325543722,-30.6107574867183,16.9457759562868,41.868169261454,-11.3430156145105,29.8226593879163,25.9785904399931,-90.462573166022,-35.0863175512147,23.4119217071054
13-Nov-2024 10:53:55,1,42,0.0959324181079864,0.434374165534973,0.0990166629354159,-0.249237518509229,-0.0721011469761531,0.286810712019602,0.922183132171631,-36.568600346842,19.1567485225583,42.9194729877737,-5.4250623884227,29.2808338197561,25.6534950990971,-92.250163540138,-37.8217312474257,21.9900323021842
13-Nov-2024 10:54:02,1,43,0.10111325631539,0.43930565516154,0.110971321165562,-0.294448473056157,-0.0833754683534304,0.284196112553279,0.908614997069041,-42.336785101593,13.2544402918247,41.1608301055501,-0.541552421574004,32.6209342397934,25.2800579474977,-93.948593817609,-40.4665759720017,16.7552290026097
13-Nov-2024 10:54:09,1,44,0.0983916168411573,0.440830985705058,0.114108296732108,-0.285495563348134,-0.0796892692645391,0.262069022655487,0.918401726086934,-45.266265552812,8.42887509096518,38.7768777106379,-6.6274711946675,32.9092362949695,25.4530391806034,-90.614651574015,-44.5377646656297,14.7484648613135
13-Nov-2024 10:54:16,1,45,0.100557004412015,0.441172321637471,0.102749121685823,-0.280680851141612,-0.0951215450962384,0.241691368818283,0.923988878726959,-48.175916951344,13.2716694916033,41.962952011454,-10.6056115973806,27.1135013442445,21.6268495083573,-91.361129282099,-46.4636688734397,8.13524377269057
13-Nov-2024 10:54:23,1,46,0.0989695693055789,0.442044585943222,0.102099111676216,-0.26349081993103,-0.0956598157684008,0.212097521622976,0.936181875069936,-51.105397402562,8.44610429074368,39.5789996165418,-16.6915303704742,27.4018033994206,21.799830741463,-88.027187038505,-50.5348575670677,6.12847963139437
13-Nov-2024 10:54:30,1,47,0.0939232890804609,0.441541508833567,0.0921737213929494,-0.241960118214289,-0.099649648865064,0.171464561422666,0.949802700678507,-53.949963327438,11.304718890633,41.3300605694937,-23.0735599583775,42.873086951646,18.9982265218927,-84.63345477075,-53.5334040177867,9.31848701643477
13-Nov-2024 10:54:37,1,48,0.0915054301420848,0.443263131380081,0.0929467931389809,-0.228374766310056,-0.0963617245356242,0.146903126438459,0.957590146859487,-56.879443778656,6.47915368977338,38.9461081745815,-29.159478731471,43.1613890068221,19.1712077549983,-81.299512527157,-57.6045927114147,7.31172287513857
13-Nov-2024 10:54:43,1,49,0.0863376374046008,0.443119829893112,0.0842966437339783,-0.210945994655291,-0.0995495617389679,0.106414603690306,0.96657520532608,-59.166466966704,7.59567838928818,38.5546624536014,-35.2434529119694,50.1411818105229,16.0568962617659,-78.160675271482,-60.6144602835877,8.57834449701068
13-Nov-2024 10:54:50,1,50,0.0841137265165647,0.444948029518127,0.087298617263635,-0.198453665773074,-0.0950045272707939,0.0822474365433057,0.972021448612213,-62.095947417922,2.77011318842858,36.1707100586892,-41.3293716850629,50.429483865699,16.2298774948716,-74.826733027889,-64.6856489772157,6.57158035571447
13-Nov-2024 10:54:58,1,51,0.0843969295422236,0.445933842658997,0.0848432491223017,-0.188681516051292,-0.0988036463658015,0.0467270858585834,0.975937370459239,-65.604199237555,3.24059293775618,35.158011000743,-46.6643181618589,19.7135312951374,14.1592123648081,-70.990343278254,-66.6511771101167,-1.44849090399764
13-Nov-2024 10:55:05,1,52,0.0806895772616068,0.443011345465978,0.0793957993388176,-0.17724452316761,-0.0992945378025373,0.0251990225166082,0.97882072130839,-61.341423141669,2.53602275642687,34.8685858899151,-45.4485687410716,20.3421310935046,14.5363722438284,-67.804047334743,-58.9155831084437,2.48216607667547
13-Nov-2024 10:55:12,1,53,0.0768697028358777,0.441367175181707,0.0876773446798325,-0.178594859441121,-0.0902335902055105,0.0208464139451583,0.979554605484009,-59.39303272999,6.50447505019108,36.0897874475701,-43.7073331721356,18.4436035790027,37.8667089412646,-64.291527638212,-56.6521588264077,10.8311694981406
13-Nov-2024 10:55:19,1,54,0.0632215350866318,0.434131230910619,0.0838484028975169,-0.167152581612269,-0.0783641209204992,0.0147780810793241,0.982700725396474,-55.130256634105,5.79990486886177,35.8003623367422,-42.4915837513484,19.0722033773698,38.2438688202849,-61.105231694701,-48.9165648247347,14.7618264788137
13-Nov-2024 10:55:27,1,55,0.0563537744184335,0.429466976722082,0.0769313792387644,-0.146549982825915,-0.0717009926835696,0.0111596036081513,0.986538175741831,-50.749673380322,4.80684592507917,35.6662505601557,-42.9630912564867,24.2122395193026,19.1226171085129,-57.005823874679,-42.5670556828797,14.2266566798828
13-Nov-2024 10:55:33,1,56,0.0429816303153833,0.423987617095311,0.0720469777782758,-0.130552077293396,-0.0638309473792712,0.00296959223536154,0.989380081494649,-46.486897284436,4.10227574374987,35.3768254493278,-41.7473418356995,24.8408393176698,19.4997769875332,-53.819527931168,-34.8314616812077,18.1573136605559
13-Nov-2024 10:55:40,1,57,0.0240424904972315,0.419569114844004,0.0670687640706698,-0.124835951626301,-0.0564166861275832,-0.00265086453097562,0.990568606058757,-45.240217609602,4.75346118119388,35.5400570056206,-42.800220877875,20.6751572878196,21.3777310711573,-52.276676049402,-21.6389101094438,21.0550572514271
13-Nov-2024 10:55:47,1,58,0.0123864479362965,0.415320736169815,0.0632859130700429,-0.107328025996685,-0.0473354530831178,-0.00235118251293898,0.993093446890513,-40.977441513716,4.04889099986458,35.2506318947926,-41.5844714570878,21.3037570861868,21.7548909501776,-49.0903801058905,-13.9033161077711,24.9857142321001
13-Nov-2024 10:55:54,1,59,0.00169314610927055,0.412275755405426,0.0682619308431943,-0.107480052610238,-0.0424860268831253,8.92477561137639e-05,0.993299055099487,-37.772713628356,4.84719862792198,35.1875351175251,-39.8530362677819,21.4852159704452,25.4324479314999,-48.0008061932518,-4.71424332105292,27.8749145178723
13-Nov-2024 10:56:01,1,60,-0.0083581163858374,0.409252003828684,0.063875657816728,-0.0870130563775698,-0.0356889195740223,0.00719979619607329,0.995541671911875,-33.5099375324704,4.14262844659268,34.8981100066971,-38.6372868469947,22.1138157688124,25.8096078105202,-44.8145102497405,3.02135068061978,31.8055714985453
13-Nov-2024 10:56:08,1,61,-0.0205518459280332,0.405427932739258,0.0660648653904597,-0.0751617088913918,-0.0316434353590012,-0.00122737263639768,0.996668446063995,-28.4261855418475,4.11449716995668,34.5718490626494,-36.9386945419481,24.0188451101252,28.2869662406916,-39.7515753216655,13.8086840748152,36.3405001317679
13-Nov-2024 10:56:15,1,62,-0.0266912467777729,0.403206582864126,0.0651531065503756,-0.0610911220312119,-0.0289419130732616,-0.000917680239460121,0.997712103525798,-24.1634094459616,3.40992698862728,34.2824239518214,-35.7229451211609,24.6474449084924,28.6641261197119,-36.5652793781543,21.544278076488,40.271157112441
13-Nov-2024 10:56:22,1,63,-0.0352144991358121,0.399826214710871,0.0783375531435013,-0.0522647360960643,-0.0247944281746944,-0.00838556544234355,0.99829021692276,-18.8151454027072,1.76857625964468,33.6745809243836,-33.4407742582439,29.2892594783325,38.7913852743079,-32.4406639423612,16.6307417744221,49.1539499193888
13-Nov-2024 10:56:29,1,64,-0.0384544012447198,0.397392638524373,0.0781222169597944,-0.0305123697966337,-0.0260294139385223,4.09110396049073e-05,0.999195452531179,-14.5523693068213,1.06400607831537,33.3851558135556,-32.2250248374567,29.9178592766997,39.1685451533282,-29.2543679988499,24.3663357760949,53.0846069000619
13-Nov-2024 10:56:36,1,65,-0.042271675914526,0.395775616168976,0.0799089357256889,-0.0190896809101105,-0.0220294817040364,0.00124313379637897,0.999574315547943,-9.8218492372511,-1.90895437684063,32.7115217444227,-31.7510646956046,48.5280664608035,33.9207546701365,-26.4239123091977,23.9773646258984,59.4163317938723
13-Nov-2024 10:56:43,1,66,-0.052846123278141,0.397934267918269,0.0861949115991592,-0.0415411440034707,-0.0225964833050966,-0.0362445876002312,0.998223491509755,-17.5768936099487,-5.06391640830572,31.0401329348765,-30.4550440245597,46.2593431988581,32.6924852453501,-22.83324620829,23.9340067103541,59.3007450422865
13-Nov-2024 10:56:50,1,67,-0.0557025683422883,0.399256710211436,0.093011204401652,-0.0708512634038925,-0.0242362599819899,-0.0615865645309289,0.995288825035095,-22.548065995804,-6.65307357668402,29.5516396461779,-29.4549179929823,35.2814236297811,33.6767406394576,-19.7955002343118,24.9283662188752,46.4356922472695
13-Nov-2024 10:56:57,1,68,-0.0624215510984262,0.402205787102381,0.0996814385056496,-0.103209995726744,-0.0240115535755952,-0.0951439206798871,0.989807454744975,-30.3031103685015,-9.80803560814913,27.8802508366317,-28.1588973219374,33.0127003678357,32.4484712146713,-16.2048341334041,24.8850083033309,46.3201054956837
13-Nov-2024 10:57:04,1,69,-0.0716594522198041,0.405330276489258,0.108682280778885,-0.134225728114446,-0.022621131191651,-0.125174711147944,0.982752803961436,-36.366218747778,-11.9550952080708,24.9503097875093,-26.4858239706262,35.1643789523244,33.6764641993318,-12.8156280959611,26.6355090998193,47.7047857223823
13-Nov-2024 10:57:10,1,70,-0.0775991385181745,0.408692115545273,0.117267356316249,-0.166110811630885,-0.0226682434479396,-0.155796753366788,0.973458143075307,-44.121263120475,-15.1100572395358,23.2789209779631,-25.1898032995813,32.895655690379,32.4481947745455,-9.2249619950534,26.592151184275,47.5891989707965
13-Nov-2024 10:57:17,1,71,-0.089300991098086,0.413549379507701,0.126959046721458,-0.200573716561,-0.0185755835225185,-0.186200953523318,0.961641478538513,-51.780339496462,-18.2860680552287,20.2282560486288,-23.3302562884032,35.0871333516506,33.2730565544826,-5.435025925878,27.6707226247471,54.6737457083528
13-Nov-2024 10:57:24,1,72,-0.097488742073377,0.419561517238617,0.137802419066429,-0.237297511100769,-0.0186741340905428,-0.220325010021528,0.945937689145406,-59.53538386916,-21.4410300866947,18.5568672390826,-22.0342356173583,32.8184100897051,32.0447871296962,-1.8443598249703,27.6273647092028,54.558158956767
13-Nov-2024 10:57:31,1,73,-0.107668349643548,0.426262213786443,0.148269350330035,-0.269951562086741,-0.0189708431561788,-0.253658306598663,0.928667720158895,-67.242444243502,-24.8315165102737,15.5958403696424,-21.2814517762468,33.6047872893682,31.9180833072715,1.8459412600713,29.0449714716667,57.3676389497522
13-Nov-2024 10:57:38,1,74,-0.114845474561055,0.431910159190496,0.153963442643483,-0.30152682463328,-0.0172823328524828,-0.28284396926562,0.910374772548675,-74.9974886162,-27.9864785417387,13.9244515600962,-19.9854311052018,31.3360640274228,30.6898138824851,5.436607360979,29.0016135561224,57.2520521981664
13-Nov-2024 10:57:45,1,75,-0.12007403075695,0.438712094227473,0.168555462360382,-0.338482578595479,-0.0294767860323191,-0.319087479511897,0.884728121757507,-82.65354098972,-30.7342027692607,12.058243720603,-18.0610288491236,30.8948909962816,39.7623272588795,9.1520909539536,31.1887379795822,48.6239988188662
13-Nov-2024 10:57:52,1,76,-0.117125620941321,0.43500657081604,0.159485966960589,-0.32765282591184,-0.0293087109923363,-0.316791808605194,0.889622175693512,-77.934672526937,-23.9331994992497,15.4681069387751,-20.4882450048988,28.0471646934494,38.3478256906301,8.5830485062288,30.3488809951708,48.2134319098273
13-Nov-2024 10:57:58,1,77,-0.111042037109534,0.427893388271332,0.134760093688965,-0.30411310394605,-0.018747583280007,-0.310770640770594,0.900325119495392,-74.516308064566,-19.2535773272677,20.8055606419737,-22.0012703681573,26.4132135060192,29.9337155229713,7.4014148045375,30.0242651802615,47.5216316869311
13-Nov-2024 10:58:06,1,78,-0.101690722008546,0.419908827543259,0.112893610199293,-0.27519785563151,-0.0148938211922844,-0.303398245573044,0.912136956055959,-69.797439601783,-12.452574057257,24.2154238601458,-24.4284865239325,23.565487203187,28.5192139547219,6.8323723568127,29.1844081958501,47.1110647778921
13-Nov-2024 10:58:13,1,79,-0.0885976145664851,0.414280714591344,0.0951148559649785,-0.257885501782099,-0.0137190420801441,-0.297162955999374,0.919239381949107,-67.078823139206,-2.88726133626052,29.4890823208311,-25.9486072834494,20.7996484580558,29.1549080867677,5.9570342821046,28.4521717961897,45.2848812119246
13-Nov-2024 10:58:19,1,80,-0.079759369790554,0.409608409802119,0.076693461338679,-0.230092317859332,-0.0101933146516482,-0.29009068608284,0.928870844841003,-62.359954676424,3.91374193375017,32.8989455390032,-28.3758234392246,17.9519221552236,27.7404065185183,5.3879918343798,27.6123148117784,44.8743143028856
13-Nov-2024 10:58:26,1,81,-0.0654058282574018,0.406121724843979,0.0692822491129239,-0.20752978126208,-0.0139749184250832,-0.281029218435287,0.936887780825297,-59.016212213744,9.02189992925378,37.6907063784319,-30.4244918968706,15.7451396312418,35.4510028004164,4.5158015731634,26.2262681197425,42.0309390653824
13-Nov-2024 10:58:33,1,82,-0.0574477359652519,0.403053953250249,0.0530449492235978,-0.17775472899278,-0.0104977503418922,-0.271031055847804,0.945957326889038,-54.297343750962,15.8229031992645,41.100569596604,-32.8517080526458,12.8974133284096,34.036501232167,3.9467591254386,25.3864111353311,41.6203721563434
13-Nov-2024 10:58:40,1,83,-0.0512537837028503,0.401709886391958,0.0407310177882512,-0.152921336889267,-0.00639245109632611,-0.263754453261693,0.952369570732117,-50.116038288231,24.4774838320217,44.7513816254044,-35.6146503593564,10.5201589150026,35.8345485889914,3.526142770968,27.3484592971075,39.7684010830723
13-Nov-2024 10:58:47,1,84,-0.0472230372329553,0.400816847880681,0.0282230315109094,-0.123318602144718,-0.00230634341326853,-0.255442643165588,0.958924563725789,-45.397169825448,31.2784871020324,48.1612448435764,-38.0418665151316,7.67243261217028,34.420047020742,2.9571003232432,26.5086023126961,39.3578341740334
13-Nov-2024 10:58:55,1,85,-0.049613198886315,0.40060377518336,0.0257694395879904,-0.108036107818286,-0.00186046546635528,-0.246929885943731,0.96299033164978,-41.547082862691,39.0062790534164,45.4665824670627,-38.7619457463745,3.48494225405068,35.5118199150295,2.6122709221455,27.9696979013786,40.2515651828783
13-Nov-2024 10:59:02,1,86,-0.0453514407078425,0.399842347701391,0.0113541686286529,-0.0744558612505595,0.00257416496363779,-0.23516000409921,0.969097256660461,-36.828214399909,45.8072823234271,48.8764456852348,-41.1891619021497,0.637215951218479,34.0973183467801,2.0432284744207,27.1298409169672,39.8409982738394
13-Nov-2024 10:59:09,1,87,-0.0497582008441289,0.400670953591665,0.000291498218818257,-0.0348462586601575,0.00270370718402167,-0.224711252252261,0.9737983862559,-30.4437366871392,53.8216799341244,46.3840461060641,-44.9378095956587,-1.30539237925743,27.6359540097991,1.5862925500095,27.4404602191027,40.4575803237424
13-Nov-2024 10:59:15,1,88,-0.0455996217827002,0.400855602820714,-0.0142924174666405,0.00149451526813209,0.00500231984381874,-0.211701987187068,0.977320357163747,-25.7248682243567,60.6226832041352,49.7939093242362,-47.3650257514339,-4.15311868208973,26.2214524415497,1.0172501022847,26.6006032346913,40.0470134147034
13-Nov-2024 10:59:22,1,89,-0.0433087930083275,0.400866639614105,-0.0157147107024988,0.0228525836020708,0.00275218005602558,-0.200057526429494,0.979513768355052,-21.4974284095221,65.2590991349345,46.6206091818384,-49.2785363144813,-8.39387131296333,30.0268371247036,-0.0667171310670014,22.7683911255583,45.0073346440167
13-Nov-2024 10:59:29,1,90,-0.0306129510203997,0.400865272680918,-0.025139898682634,0.0486129028101762,0.00497850601871808,-0.182830937703451,0.981929179032644,-17.8777932196811,69.5138178953906,49.1734404381121,-51.2813311086617,-10.2371829300151,29.5306531922233,-1.9567376260754,16.5609408731517,42.329081393859
13-Nov-2024 10:59:37,1,91,-0.021025025844574,0.401402709881465,-0.0267058222244183,0.0634973744551341,0.00722425592442354,-0.173344917098681,0.982785570621491,-14.8542557173432,39.6093852410185,47.21320599505,-52.8644837872756,-12.5292150539779,31.3352535675602,-3.0687314902555,13.2661096923819,36.4951153834369
13-Nov-2024 10:59:43,1,92,-0.00705675221979618,0.402436226606369,-0.0327797030409177,0.0849208608269691,0.0108354319507877,-0.157763401667277,0.983759025732676,-11.2346205275022,43.8641040014745,49.7660372513237,-54.867278581456,-14.3725266710297,30.8390696350799,-4.9587519852639,7.05865943997537,33.8168621332792
13-Nov-2024 10:59:50,1,93,0.00338531855183343,0.403900402784348,-0.0378045613567034,0.106352352102598,0.0141747325037916,-0.142093849182129,0.984021155039469,-7.6130341814128,44.0142470545162,47.8873356579293,-56.6602523178531,-16.5151985415369,31.2682778565081,-7.0597591648581,2.53251872338728,30.4607525029893
13-Nov-2024 10:59:57,1,94,0.0160581555217504,0.40626814365387,-0.0441693432629108,0.127450425426165,0.0217267575363318,-0.127845121423403,0.983331080277761,-3.99339899157179,48.2689658149723,50.4401669142029,-58.6630471120336,-18.3585101585887,30.7720939240278,-8.9497796598666,-3.67493152901922,27.7824992528317
13-Nov-2024 11:00:04,1,95,0.0264711054662863,0.408938612540563,-0.0491116352379322,0.150830106933912,0.0285557931909959,-0.111806816856066,0.98180148601532,0.00221177639339487,48.9713967217211,48.9772317456424,-60.785931377322,-19.9765019023687,30.3636060685018,-11.2452934971679,-8.81672701351663,25.1403178126079
13-Nov-2024 11:00:10,1,96,0.0391084124644597,0.41195992231369,-0.0548579742511114,0.1698245515426,0.0382121955355008,-0.0948695704340935,0.980152690410614,3.6218469662344,53.2261154821772,51.5300630019161,-62.788726171503,-21.8198135194197,29.8674221360215,-13.1353139921763,-15.0241772659231,22.4620645624503
13-Nov-2024 11:00:17,1,97,0.0360952995717525,0.411566835641861,-0.0604847180346648,0.179898923635483,0.0249558319648107,-0.0696137895186742,0.980901396274567,7.7566423318772,52.1150627136226,50.1762344844784,-59.8823973016522,-19.2046334301517,25.2965393666448,-15.3655586172178,-16.4534662504916,31.3455513989855
13-Nov-2024 11:00:24,1,98,0.0385027319192886,0.408841313918432,-0.0545794049898783,0.176258319616318,0.01035192857186,-0.0308215803156296,0.983806840578715,11.6284499084579,49.7051538719216,48.7302891794578,-55.4910236962475,-17.6021132775188,25.856808558791,-19.4180565711129,-10.3905826190147,34.1360023305538
13-Nov-2024 11:00:31,1,99,0.0303224799533685,0.406094008684158,-0.055867529908816,0.172462195158005,-0.0142697855830193,0.00405392789592346,0.984904452164968,15.4817513795696,51.1696730667941,50.1804022682288,-52.3671724586198,-16.0182631565682,24.3765017701758,-23.1594278605811,-5.14878529556053,37.4979712146056
13-Nov-2024 11:00:38,1,100,0.0248079627752304,0.403872066736221,-0.0542002620796363,0.172621832291285,-0.034872895727555,0.039577545473973,0.983574744065603,19.3535589561503,48.7597642250931,48.7344569632083,-47.9757988532151,-14.4157430039357,24.9367709623219,-27.2119258144762,0.914098335916378,40.288422146174
